Workbook

Sheet Dashboard
A1: AI-Powered Social Media Engagement Dashboard
A3: Engagement Analytics | Sentiment Intelligence | Content Performance | Brand Growth Insights
A5: Total Reach | D5: Total Impressions | G5: Avg Engagement Rate % | J5: Follower Growth | M5: Avg AI Content Score
A6: =SUM(EngagementData!$I$2:$I$121) -> 4366278 | D6: =SUM(EngagementData!$H$2:$H$121) -> 6212420 | G6: =ROUND(AVERAGE(EngagementData!$P$2:$P$121),2) -> 11.31 | J6: =SUM(EngagementData!$Q$2:$Q$121) -> 19931 | M6: =ROUND(AVERAGE(EngagementData!$S$2:$S$121),2) -> 6.56
A10: Platform Performance & Engagement Trend
A28: Content Theme Performance & Sentiment Distribution
A47: Best Posting Time & Top Performing Posts
A49: Posting Time | B49: Avg Engagement Rate % | C49: Avg Reach | F49: Rank | G49: Post ID | H49: Platform | I49: Theme | J49: Engagement Rate %
A50: =PostingTime_Analysis!A5 -> 10:00 AM | B50: =PostingTime_Analysis!D5 -> 12.14 | C50: =PostingTime_Analysis!C5 -> 39645 | F50: =TopPosts_Analysis!A5 -> 1 | G50: =TopPosts_Analysis!B5 -> POST119 | H50: =TopPosts_Analysis!C5 -> Facebook | I50: =TopPosts_Analysis!D5 -> Event Highlight | J50: =TopPosts_Analysis!F5 -> 24.6
A51: =PostingTime_Analysis!A6 -> 12:00 PM | B51: =PostingTime_Analysis!D6 -> 12.82 | C51: =PostingTime_Analysis!C6 -> 31922 | F51: =TopPosts_Analysis!A6 -> 2 | G51: =TopPosts_Analysis!B6 -> POST039 | H51: =TopPosts_Analysis!C6 -> Facebook | I51: =TopPosts_Analysis!D6 -> User Generated Content | J51: =TopPosts_Analysis!F6 -> 24.53
A52: =PostingTime_Analysis!A7 -> 1:00 PM | B52: =PostingTime_Analysis!D7 -> 9.64 | C52: =PostingTime_Analysis!C7 -> 32984 | F52: =TopPosts_Analysis!A7 -> 3 | G52: =TopPosts_Analysis!B7 -> POST081 | H52: =TopPosts_Analysis!C7 -> Twitter/X | I52: =TopPosts_Analysis!D7 -> Product Showcase | J52: =TopPosts_Analysis!F7 -> 24.17
A53: =PostingTime_Analysis!A8 -> 5:00 PM | B53: =PostingTime_Analysis!D8 -> 9.15 | C53: =PostingTime_Analysis!C8 -> 39732 | F53: =TopPosts_Analysis!A8 -> 4 | G53: =TopPosts_Analysis!B8 -> POST034 | H53: =TopPosts_Analysis!C8 -> LinkedIn | I53: =TopPosts_Analysis!D8 -> Promotional | J53: =TopPosts_Analysis!F8 -> 22.7
A54: =PostingTime_Analysis!A9 -> 6:00 PM | B54: =PostingTime_Analysis!D9 -> 9.66 | C54: =PostingTime_Analysis!C9 -> 43393 | F54: =TopPosts_Analysis!A9 -> 5 | G54: =TopPosts_Analysis!B9 -> POST105 | H54: =TopPosts_Analysis!C9 -> Instagram | I54: =TopPosts_Analysis!D9 -> Event Highlight | J54: =TopPosts_Analysis!F9 -> 22.34
A55: =PostingTime_Analysis!A10 -> 7:00 PM | B55: =PostingTime_Analysis!D10 -> 14.35 | C55: =PostingTime_Analysis!C10 -> 36510
A56: =PostingTime_Analysis!A11 -> 8:00 AM | B56: =PostingTime_Analysis!D11 -> 15.67 | C56: =PostingTime_Analysis!C11 -> 40162
A57: =PostingTime_Analysis!A12 -> 9:00 AM | B57: =PostingTime_Analysis!D12 -> 8.75 | C57: =PostingTime_Analysis!C12 -> 29788
A60: AI-Generated Insights & Recommendations
A62: 1. Educational and Motivational content themes consistently show higher average engagement rates than purely Promotional posts — shift content mix toward value-first formats.
A63: 2. Reels and Video formats outperform static Images on shares and saves, signaling stronger audience retention for short-form video.
A64: 3. Posting between 5:00 PM and 9:00 PM correlates with the highest average reach, suggesting evening windows are optimal for scheduling.
A65: 4. Instagram and LinkedIn show the strongest average engagement rate among the four tracked platforms; budget and content effort can be reallocated accordingly.
A66: 5. Posts with a Sentiment Score above 0.6 (Positive) tend to align with higher AI Content Scores, reinforcing that emotionally resonant captions perform better.
A67: 6. Hashtag sets combining brand-specific and analytics-focused tags show above-average reach, supporting continued use of structured 3-hashtag sets.
A68: 7. Follower growth is highest on posts with strong save and share counts — prioritize 'save-worthy' educational carousels for top-of-funnel growth.

Sheet EngagementData
A1: Post ID | B1: Platform | C1: Post Date | D1: Post Type | E1: Content Theme | F1: Caption | G1: Hashtags Used | H1: Impressions | I1: Reach | J1: Likes | K1: Comments | L1: Shares | M1: Saves | N1: Profile Visits | O1: Link Clicks | P1: Engagement Rate % | Q1: Follower Growth | R1: Sentiment Score | S1: AI Content Score | T1: Best Posting Time | U1: Campaign Name | V1: Total Engagements | W1: Click-Through Rate % | X1: Sentiment Category | Y1: Rank Key (Helper)
A2: POST001 | B2: Instagram | C2: 2024-05-05 | D2: Reel | E2: Motivational | F2: This is why your hashtags aren't working | G2: #DigitalMarketing #SocialMedia #ContentStrategy | H2: 30756 | I2: 18203 | J2: 469 | K2: 91 | L2: 13 | M2: 78 | N2: 1738 | O2: 65 | P2: 3.58 | Q2: 10 | R2: 0.18 | S2: 5 | T2: 7:00 PM | U2: Retargeting Campaign | V2: =J2+K2+L2+M2 -> 651 | W2: =ROUND(O2/I2*100,2) -> 0.36 | X2: =IF(R2>0.6,"Positive",IF(R2<0.35,"Negative","Neutral")) -> Negative | Y2: =P2+(ROW()/10000000) -> 3.5800002
A3: POST002 | B3: LinkedIn | C3: 2024-01-04 | D3: Story | E3: Motivational | F3: Meet the team behind the content strategy 👋 | G3: #MarketingAnalytics #ContentMarketing #Viral | H3: 22426 | I3: 17031 | J3: 1443 | K3: 147 | L3: 41 | M3: 113 | N3: 1970 | O3: 781 | P3: 10.24 | Q3: 167 | R3: 0.19 | S3: 5.9 | T3: 9:00 AM | U3: Brand Awareness Q1 | V3: =J3+K3+L3+M3 -> 1744 | W3: =ROUND(O3/I3*100,2) -> 4.59 | X3: =IF(R3>0.6,"Positive",IF(R3<0.35,"Negative","Neutral")) -> Negative | Y3: =P3+(ROW()/10000000) -> 10.24
A4: POST003 | B4: Twitter/X | C4: 2024-07-12 | D4: Video | E4: Promotional | F4: We just hit 10K followers! Thank you for the love 🎉 | G4: #AIMarketing #DataDriven #Analytics | H4: 11828 | I4: 8464 | J4: 1337 | K4: 321 | L4: 94 | M4: 101 | N4: 731 | O4: 35 | P4: 21.89 | Q4: 18 | R4: 0.66 | S4: 8.4 | T4: 12:00 PM | U4: Retargeting Campaign | V4: =J4+K4+L4+M4 -> 1853 | W4: =ROUND(O4/I4*100,2) -> 0.41 | X4: =IF(R4>0.6,"Positive",IF(R4<0.35,"Negative","Neutral")) -> Positive | Y4: =P4+(ROW()/10000000) -> 21.89
A5: POST004 | B5: Facebook | C5: 2024-03-24 | D5: Story | E5: Product Showcase | F5: Tips to write captions that convert, not just scroll | G5: #InfluencerMarketing #ROI #CampaignStrategy | H5: 50020 | I5: 32842 | J5: 5540 | K5: 551 | L5: 720 | M5: 149 | N5: 2505 | O5: 1300 | P5: 21.19 | Q5: 82 | R5: 0.55 | S5: 5 | T5: 9:00 AM | U5: Summer Engagement Drive | V5: =J5+K5+L5+M5 -> 6960 | W5: =ROUND(O5/I5*100,2) -> 3.96 | X5: =IF(R5>0.6,"Positive",IF(R5<0.35,"Negative","Neutral")) -> Neutral | Y5: =P5+(ROW()/10000000) -> 21.190001
A6: POST005 | B6: Facebook | C6: 2024-01-17 | D6: Reel | E6: User Generated Content | F6: Tips to write captions that convert, not just scroll | G6: #ContentCreator #InstagramMarketing #LinkedInTips | H6: 42847 | I6: 28722 | J6: 592 | K6: 59 | L6: 74 | M6: 115 | N6: 2950 | O6: 644 | P6: 2.92 | Q6: 103 | R6: 0.66 | S6: 6 | T6: 9:00 AM | U6: Festive Season Campaign | V6: =J6+K6+L6+M6 -> 840 | W6: =ROUND(O6/I6*100,2) -> 2.24 | X6: =IF(R6>0.6,"Positive",IF(R6<0.35,"Negative","Neutral")) -> Positive | Y6: =P6+(ROW()/10000000) -> 2.9200006
A7: POST006 | B7: LinkedIn | C7: 2024-10-26 | D7: Text Post | E7: Motivational | F7: Did you know? 80% of engagement happens within the first hour of posting | G7: #ContentCreator #InstagramMarketing #LinkedInTips | H7: 57655 | I7: 47239 | J7: 6593 | K7: 746 | L7: 226 | M7: 286 | N7: 4184 | O7: 2021 | P7: 16.62 | Q7: 41 | R7: 0.74 | S7: 8.9 | T7: 1:00 PM | U7: Product Launch Wave 1 | V7: =J7+K7+L7+M7 -> 7851 | W7: =ROUND(O7/I7*100,2) -> 4.28 | X7: =IF(R7>0.6,"Positive",IF(R7<0.35,"Negative","Neutral")) -> Positive | Y7: =P7+(ROW()/10000000) -> 16.620001
A8: POST007 | B8: Twitter/X | C8: 2024-09-27 | D8: Story | E8: Event Highlight | F8: Tips to write captions that convert, not just scroll | G8: #DigitalMarketing #SocialMedia #ContentStrategy | H8: 34453 | I8: 28986 | J8: 144 | K8: 12 | L8: 19 | M8: 27 | N8: 1102 | O8: 1574 | P8: 0.7 | Q8: 169 | R8: 0.19 | S8: 6.2 | T8: 9:00 AM | U8: Festive Season Campaign | V8: =J8+K8+L8+M8 -> 202 | W8: =ROUND(O8/I8*100,2) -> 5.43 | X8: =IF(R8>0.6,"Positive",IF(R8<0.35,"Negative","Neutral")) -> Negative | Y8: =P8+(ROW()/10000000) -> 0.7000008
A9: POST008 | B9: Instagram | C9: 2024-11-23 | D9: Text Post | E9: Motivational | F9: Meet the team behind the content strategy 👋 | G9: #SocialMediaMarketing #GrowthHacking #Branding | H9: 68040 | I9: 49852 | J9: 2554 | K9: 387 | L9: 84 | M9: 279 | N9: 4354 | O9: 2 | P9: 6.63 | Q9: 301 | R9: 0.38 | S9: 3.6 | T9: 7:00 PM | U9: Brand Awareness Q1 | V9: =J9+K9+L9+M9 -> 3304 | W9: =ROUND(O9/I9*100,2) -> 0 | X9: =IF(R9>0.6,"Positive",IF(R9<0.35,"Negative","Neutral")) -> Neutral | Y9: =P9+(ROW()/10000000) -> 6.6300009
A10: POST009 | B10: LinkedIn | C10: 2024-02-13 | D10: Video | E10: Promotional | F10: Poll: which content format do you prefer? | G10: #AIMarketing #DataDriven #Analytics | H10: 65199 | I10: 51820 | J10: 8777 | K10: 520 | L10: 264 | M10: 1354 | N10: 3903 | O10: 2251 | P10: 21.06 | Q10: 79 | R10: 0.33 | S10: 9 | T10: 7:00 PM | U10: Lead Gen Campaign | V10: =J10+K10+L10+M10 -> 10915 | W10: =ROUND(O10/I10*100,2) -> 4.34 | X10: =IF(R10>0.6,"Positive",IF(R10<0.35,"Negative","Neutral")) -> Negative | Y10: =P10+(ROW()/10000000) -> 21.060001
A11: POST010 | B11: Twitter/X | C11: 2024-08-12 | D11: Text Post | E11: Product Showcase | F11: We just hit 10K followers! Thank you for the love 🎉 | G11: #DigitalMarketing #SocialMedia #ContentStrategy | H11: 69339 | I11: 47528 | J11: 4111 | K11: 235 | L11: 67 | M11: 349 | N11: 182 | O11: 2409 | P11: 10.02 | Q11: 278 | R11: 0.3 | S11: 4.9 | T11: 7:00 PM | U11: Product Launch Wave 1 | V11: =J11+K11+L11+M11 -> 4762 | W11: =ROUND(O11/I11*100,2) -> 5.07 | X11: =IF(R11>0.6,"Positive",IF(R11<0.35,"Negative","Neutral")) -> Negative | Y11: =P11+(ROW()/10000000) -> 10.020001
A12: POST011 | B12: Instagram | C12: 2024-09-20 | D12: Carousel | E12: Promotional | F12: Poll: which content format do you prefer? | G12: #AIMarketing #DataDriven #Analytics | H12: 32695 | I12: 20713 | J12: 2038 | K12: 114 | L12: 278 | M12: 70 | N12: 2348 | O12: 1180 | P12: 12.07 | Q12: 237 | R12: 0.31 | S12: 6.5 | T12: 12:00 PM | U12: Product Launch Wave 1 | V12: =J12+K12+L12+M12 -> 2500 | W12: =ROUND(O12/I12*100,2) -> 5.7 | X12: =IF(R12>0.6,"Positive",IF(R12<0.35,"Negative","Neutral")) -> Negative | Y12: =P12+(ROW()/10000000) -> 12.070001
A13: POST012 | B13: Twitter/X | C13: 2024-07-29 | D13: Carousel | E13: Industry News | F13: Industry insight: social media trends to watch in 2025 | G13: #AIMarketing #DataDriven #Analytics | H13: 62713 | I13: 50744 | J13: 937 | K13: 177 | L13: 27 | M13: 18 | N13: 3308 | O13: 2982 | P13: 2.28 | Q13: 168 | R13: 0.78 | S13: 4.2 | T13: 10:00 AM | U13: Festive Season Campaign | V13: =J13+K13+L13+M13 -> 1159 | W13: =ROUND(O13/I13*100,2) -> 5.88 | X13: =IF(R13>0.6,"Positive",IF(R13<0.35,"Negative","Neutral")) -> Positive | Y13: =P13+(ROW()/10000000) -> 2.2800013
... A121: POST120 | B121: Instagram | C121: 2024-01-02 | D121: Story | E121: Motivational | F121: The future of AI in digital marketing – thread 🧵 | G121: #DigitalMarketing #SocialMedia #ContentStrategy | H121: 30060 | I121: 21748 | J121: 235 | K121: 32 | L121: 24 | M121: 47 | N121: 271 | O121: 1108 | P121: 1.55 | Q121: 25 | R121: 0.89 | S121: 3.9 | T121: 9:00 AM | U121: Retargeting Campaign | V121: =J121+K121+L121+M121 -> 338 | W121: =ROUND(O121/I121*100,2) -> 5.09 | X121: =IF(R121>0.6,"Positive",IF(R121<0.35,"Negative","Neutral")) -> Positive | Y121: =P121+(ROW()/10000000) -> 1.5500121

Sheet KPI_Summary
A1: AI-Powered Social Media Engagement Dashboard
A2: Key Performance Indicator Summary
A4: KPI Metric | B4: Value
A5: Total Posts Analyzed | B5: =COUNTA(EngagementData!$A$2:$A$121) -> 120
A6: Total Impressions | B6: =SUM(EngagementData!$H$2:$H$121) -> 6212420
A7: Total Reach | B7: =SUM(EngagementData!$I$2:$I$121) -> 4366278
A8: Total Engagements | B8: =SUM(EngagementData!$J$2:$J$121)+SUM(EngagementData!$K$2:$K$121)+SUM(EngagementData!$L$2:$L$121)+SUM(EngagementData!$M$2:$M$121) -> 494160
A9: Avg Engagement Rate % | B9: =ROUND(AVERAGE(EngagementData!$P$2:$P$121),2) -> 11.31
A10: Avg Click-Through Rate % | B10: =ROUND(AVERAGE(EngagementData!$W$2:$W$121),2) -> 2.87
A11: Total Follower Growth | B11: =SUM(EngagementData!$Q$2:$Q$121) -> 19931
A12: Avg Sentiment Score | B12: =ROUND(AVERAGE(EngagementData!$R$2:$R$121),2) -> 0.52
A13: Avg AI Content Score | B13: =ROUND(AVERAGE(EngagementData!$S$2:$S$121),2) -> 6.56
A14: Total Likes | B14: =SUM(EngagementData!$J$2:$J$121) -> 382914
A15: Total Comments | B15: =SUM(EngagementData!$K$2:$K$121) -> 46401
A16: Total Shares | B16: =SUM(EngagementData!$L$2:$L$121) -> 26896
A17: Total Saves | B17: =SUM(EngagementData!$M$2:$M$121) -> 37949
A18: Total Profile Visits | B18: =SUM(EngagementData!$N$2:$N$121) -> 284172
A19: Total Link Clicks | B19: =SUM(EngagementData!$O$2:$O$121) -> 128436
A21: Sentiment Distribution
A22: Sentiment | B22: Post Count | C22: % of Total
A23: Positive | B23: =COUNTIF(EngagementData!$X$2:$X$121,"Positive") -> 47 | C23: =B23/SUM($B$23:$B$25) -> 0.39166667
A24: Neutral | B24: =COUNTIF(EngagementData!$X$2:$X$121,"Neutral") -> 36 | C24: =B24/SUM($B$23:$B$25) -> 0.3
A25: Negative | B25: =COUNTIF(EngagementData!$X$2:$X$121,"Negative") -> 37 | C25: =B25/SUM($B$23:$B$25) -> 0.30833333

Sheet Platform_Analysis
A1: Platform Performance Analysis
A2: Engagement metrics broken down by social media platform
A4: Platform | B4: Post Count | C4: Total Impressions | D4: Total Reach | E4: Avg Engagement Rate % | F4: Avg Sentiment Score | G4: Avg AI Content Score
A5: Facebook | B5: =COUNTIF(EngagementData!$B$2:$B$121,"Facebook") -> 32 | C5: =SUMIF(EngagementData!$B$2:$B$121,"Facebook",EngagementData!$H$2:$H$121) -> 1658141 | D5: =SUMIF(EngagementData!$B$2:$B$121,"Facebook",EngagementData!$I$2:$I$121) -> 1134200 | E5: =ROUND(AVERAGEIF(EngagementData!$B$2:$B$121,"Facebook",EngagementData!$P$2:$P$121),2) -> 13.32 | F5: =ROUND(AVERAGEIF(EngagementData!$B$2:$B$121,"Facebook",EngagementData!$R$2:$R$121),2) -> 0.54 | G5: =ROUND(AVERAGEIF(EngagementData!$B$2:$B$121,"Facebook",EngagementData!$S$2:$S$121),2) -> 6.53
A6: Instagram | B6: =COUNTIF(EngagementData!$B$2:$B$121,"Instagram") -> 28 | C6: =SUMIF(EngagementData!$B$2:$B$121,"Instagram",EngagementData!$H$2:$H$121) -> 1233096 | D6: =SUMIF(EngagementData!$B$2:$B$121,"Instagram",EngagementData!$I$2:$I$121) -> 871246 | E6: =ROUND(AVERAGEIF(EngagementData!$B$2:$B$121,"Instagram",EngagementData!$P$2:$P$121),2) -> 11.17 | F6: =ROUND(AVERAGEIF(EngagementData!$B$2:$B$121,"Instagram",EngagementData!$R$2:$R$121),2) -> 0.5 | G6: =ROUND(AVERAGEIF(EngagementData!$B$2:$B$121,"Instagram",EngagementData!$S$2:$S$121),2) -> 6.15
A7: LinkedIn | B7: =COUNTIF(EngagementData!$B$2:$B$121,"LinkedIn") -> 27 | C7: =SUMIF(EngagementData!$B$2:$B$121,"LinkedIn",EngagementData!$H$2:$H$121) -> 1481761 | D7: =SUMIF(EngagementData!$B$2:$B$121,"LinkedIn",EngagementData!$I$2:$I$121) -> 1036982 | E7: =ROUND(AVERAGEIF(EngagementData!$B$2:$B$121,"LinkedIn",EngagementData!$P$2:$P$121),2) -> 11.44 | F7: =ROUND(AVERAGEIF(EngagementData!$B$2:$B$121,"LinkedIn",EngagementData!$R$2:$R$121),2) -> 0.52 | G7: =ROUND(AVERAGEIF(EngagementData!$B$2:$B$121,"LinkedIn",EngagementData!$S$2:$S$121),2) -> 7.06
A8: Twitter/X | B8: =COUNTIF(EngagementData!$B$2:$B$121,"Twitter/X") -> 33 | C8: =SUMIF(EngagementData!$B$2:$B$121,"Twitter/X",EngagementData!$H$2:$H$121) -> 1839422 | D8: =SUMIF(EngagementData!$B$2:$B$121,"Twitter/X",EngagementData!$I$2:$I$121) -> 1323850 | E8: =ROUND(AVERAGEIF(EngagementData!$B$2:$B$121,"Twitter/X",EngagementData!$P$2:$P$121),2) -> 9.37 | F8: =ROUND(AVERAGEIF(EngagementData!$B$2:$B$121,"Twitter/X",EngagementData!$R$2:$R$121),2) -> 0.51 | G8: =ROUND(AVERAGEIF(EngagementData!$B$2:$B$121,"Twitter/X",EngagementData!$S$2:$S$121),2) -> 6.54

Sheet ContentTheme_Analysis
A1: Content Theme Performance Analysis
A2: Identifying which content themes drive the strongest engagement
A4: Content Theme | B4: Post Count | C4: Avg Engagement Rate % | D4: Total Shares | E4: Total Saves | F4: Avg Sentiment Score | G4: Avg AI Content Score
A5: Behind the Scenes | B5: =COUNTIF(EngagementData!$E$2:$E$121,"Behind the Scenes") -> 9 | C5: =ROUND(AVERAGEIF(EngagementData!$E$2:$E$121,"Behind the Scenes",EngagementData!$P$2:$P$121),2) -> 9.43 | D5: =SUMIF(EngagementData!$E$2:$E$121,"Behind the Scenes",EngagementData!$L$2:$L$121) -> 929 | E5: =SUMIF(EngagementData!$E$2:$E$121,"Behind the Scenes",EngagementData!$M$2:$M$121) -> 1514 | F5: =ROUND(AVERAGEIF(EngagementData!$E$2:$E$121,"Behind the Scenes",EngagementData!$R$2:$R$121),2) -> 0.48 | G5: =ROUND(AVERAGEIF(EngagementData!$E$2:$E$121,"Behind the Scenes",EngagementData!$S$2:$S$121),2) -> 5.69
A6: Educational | B6: =COUNTIF(EngagementData!$E$2:$E$121,"Educational") -> 18 | C6: =ROUND(AVERAGEIF(EngagementData!$E$2:$E$121,"Educational",EngagementData!$P$2:$P$121),2) -> 11.11 | D6: =SUMIF(EngagementData!$E$2:$E$121,"Educational",EngagementData!$L$2:$L$121) -> 4409 | E6: =SUMIF(EngagementData!$E$2:$E$121,"Educational",EngagementData!$M$2:$M$121) -> 6146 | F6: =ROUND(AVERAGEIF(EngagementData!$E$2:$E$121,"Educational",EngagementData!$R$2:$R$121),2) -> 0.58 | G6: =ROUND(AVERAGEIF(EngagementData!$E$2:$E$121,"Educational",EngagementData!$S$2:$S$121),2) -> 6.85
A7: Event Highlight | B7: =COUNTIF(EngagementData!$E$2:$E$121,"Event Highlight") -> 16 | C7: =ROUND(AVERAGEIF(EngagementData!$E$2:$E$121,"Event Highlight",EngagementData!$P$2:$P$121),2) -> 10.98 | D7: =SUMIF(EngagementData!$E$2:$E$121,"Event Highlight",EngagementData!$L$2:$L$121) -> 3479 | E7: =SUMIF(EngagementData!$E$2:$E$121,"Event Highlight",EngagementData!$M$2:$M$121) -> 5348 | F7: =ROUND(AVERAGEIF(EngagementData!$E$2:$E$121,"Event Highlight",EngagementData!$R$2:$R$121),2) -> 0.48 | G7: =ROUND(AVERAGEIF(EngagementData!$E$2:$E$121,"Event Highlight",EngagementData!$S$2:$S$121),2) -> 6.09
A8: Industry News | B8: =COUNTIF(EngagementData!$E$2:$E$121,"Industry News") -> 17 | C8: =ROUND(AVERAGEIF(EngagementData!$E$2:$E$121,"Industry News",EngagementData!$P$2:$P$121),2) -> 11.82 | D8: =SUMIF(EngagementData!$E$2:$E$121,"Industry News",EngagementData!$L$2:$L$121) -> 3988 | E8: =SUMIF(EngagementData!$E$2:$E$121,"Industry News",EngagementData!$M$2:$M$121) -> 6550 | F8: =ROUND(AVERAGEIF(EngagementData!$E$2:$E$121,"Industry News",EngagementData!$R$2:$R$121),2) -> 0.55 | G8: =ROUND(AVERAGEIF(EngagementData!$E$2:$E$121,"Industry News",EngagementData!$S$2:$S$121),2) -> 6.47
A9: Motivational | B9: =COUNTIF(EngagementData!$E$2:$E$121,"Motivational") -> 17 | C9: =ROUND(AVERAGEIF(EngagementData!$E$2:$E$121,"Motivational",EngagementData!$P$2:$P$121),2) -> 9.14 | D9: =SUMIF(EngagementData!$E$2:$E$121,"Motivational",EngagementData!$L$2:$L$121) -> 3035 | E9: =SUMIF(EngagementData!$E$2:$E$121,"Motivational",EngagementData!$M$2:$M$121) -> 3640 | F9: =ROUND(AVERAGEIF(EngagementData!$E$2:$E$121,"Motivational",EngagementData!$R$2:$R$121),2) -> 0.5 | G9: =ROUND(AVERAGEIF(EngagementData!$E$2:$E$121,"Motivational",EngagementData!$S$2:$S$121),2) -> 6.22
A10: Product Showcase | B10: =COUNTIF(EngagementData!$E$2:$E$121,"Product Showcase") -> 16 | C10: =ROUND(AVERAGEIF(EngagementData!$E$2:$E$121,"Product Showcase",EngagementData!$P$2:$P$121),2) -> 12.59 | D10: =SUMIF(EngagementData!$E$2:$E$121,"Product Showcase",EngagementData!$L$2:$L$121) -> 4863 | E10: =SUMIF(EngagementData!$E$2:$E$121,"Product Showcase",EngagementData!$M$2:$M$121) -> 5426 | F10: =ROUND(AVERAGEIF(EngagementData!$E$2:$E$121,"Product Showcase",EngagementData!$R$2:$R$121),2) -> 0.61 | G10: =ROUND(AVERAGEIF(EngagementData!$E$2:$E$121,"Product Showcase",EngagementData!$S$2:$S$121),2) -> 6.03
A11: Promotional | B11: =COUNTIF(EngagementData!$E$2:$E$121,"Promotional") -> 14 | C11: =ROUND(AVERAGEIF(EngagementData!$E$2:$E$121,"Promotional",EngagementData!$P$2:$P$121),2) -> 14.46 | D11: =SUMIF(EngagementData!$E$2:$E$121,"Promotional",EngagementData!$L$2:$L$121) -> 3375 | E11: =SUMIF(EngagementData!$E$2:$E$121,"Promotional",EngagementData!$M$2:$M$121) -> 5700 | F11: =ROUND(AVERAGEIF(EngagementData!$E$2:$E$121,"Promotional",EngagementData!$R$2:$R$121),2) -> 0.49 | G11: =ROUND(AVERAGEIF(EngagementData!$E$2:$E$121,"Promotional",EngagementData!$S$2:$S$121),2) -> 7.43
A12: User Generated Content | B12: =COUNTIF(EngagementData!$E$2:$E$121,"User Generated Content") -> 13 | C12: =ROUND(AVERAGEIF(EngagementData!$E$2:$E$121,"User Generated Content",EngagementData!$P$2:$P$121),2) -> 10.46 | D12: =SUMIF(EngagementData!$E$2:$E$121,"User Generated Content",EngagementData!$L$2:$L$121) -> 2818 | E12: =SUMIF(EngagementData!$E$2:$E$121,"User Generated Content",EngagementData!$M$2:$M$121) -> 3625 | F12: =ROUND(AVERAGEIF(EngagementData!$E$2:$E$121,"User Generated Content",EngagementData!$R$2:$R$121),2) -> 0.41 | G12: =ROUND(AVERAGEIF(EngagementData!$E$2:$E$121,"User Generated Content",EngagementData!$S$2:$S$121),2) -> 7.62

Sheet PostType_Analysis
A1: Post Type Performance Analysis
A2: Comparing engagement outcomes across post formats (Reel, Image, Carousel, Story, Video, Text)
A4: Post Type | B4: Post Count | C4: Avg Engagement Rate % | D4: Total Likes | E4: Total Shares | F4: Avg AI Content Score
A5: Carousel | B5: =COUNTIF(EngagementData!$D$2:$D$121,"Carousel") -> 20 | C5: =ROUND(AVERAGEIF(EngagementData!$D$2:$D$121,"Carousel",EngagementData!$P$2:$P$121),2) -> 11.1 | D5: =SUMIF(EngagementData!$D$2:$D$121,"Carousel",EngagementData!$J$2:$J$121) -> 63037 | E5: =SUMIF(EngagementData!$D$2:$D$121,"Carousel",EngagementData!$L$2:$L$121) -> 5850 | F5: =ROUND(AVERAGEIF(EngagementData!$D$2:$D$121,"Carousel",EngagementData!$S$2:$S$121),2) -> 6.88
A6: Image | B6: =COUNTIF(EngagementData!$D$2:$D$121,"Image") -> 19 | C6: =ROUND(AVERAGEIF(EngagementData!$D$2:$D$121,"Image",EngagementData!$P$2:$P$121),2) -> 10.39 | D6: =SUMIF(EngagementData!$D$2:$D$121,"Image",EngagementData!$J$2:$J$121) -> 46672 | E6: =SUMIF(EngagementData!$D$2:$D$121,"Image",EngagementData!$L$2:$L$121) -> 3506 | F6: =ROUND(AVERAGEIF(EngagementData!$D$2:$D$121,"Image",EngagementData!$S$2:$S$121),2) -> 6.47
A7: Reel | B7: =COUNTIF(EngagementData!$D$2:$D$121,"Reel") -> 21 | C7: =ROUND(AVERAGEIF(EngagementData!$D$2:$D$121,"Reel",EngagementData!$P$2:$P$121),2) -> 10.39 | D7: =SUMIF(EngagementData!$D$2:$D$121,"Reel",EngagementData!$J$2:$J$121) -> 64081 | E7: =SUMIF(EngagementData!$D$2:$D$121,"Reel",EngagementData!$L$2:$L$121) -> 4086 | F7: =ROUND(AVERAGEIF(EngagementData!$D$2:$D$121,"Reel",EngagementData!$S$2:$S$121),2) -> 6.08
A8: Story | B8: =COUNTIF(EngagementData!$D$2:$D$121,"Story") -> 26 | C8: =ROUND(AVERAGEIF(EngagementData!$D$2:$D$121,"Story",EngagementData!$P$2:$P$121),2) -> 12.22 | D8: =SUMIF(EngagementData!$D$2:$D$121,"Story",EngagementData!$J$2:$J$121) -> 84273 | E8: =SUMIF(EngagementData!$D$2:$D$121,"Story",EngagementData!$L$2:$L$121) -> 5346 | F8: =ROUND(AVERAGEIF(EngagementData!$D$2:$D$121,"Story",EngagementData!$S$2:$S$121),2) -> 6.84
A9: Text Post | B9: =COUNTIF(EngagementData!$D$2:$D$121,"Text Post") -> 16 | C9: =ROUND(AVERAGEIF(EngagementData!$D$2:$D$121,"Text Post",EngagementData!$P$2:$P$121),2) -> 10.34 | D9: =SUMIF(EngagementData!$D$2:$D$121,"Text Post",EngagementData!$J$2:$J$121) -> 51144 | E9: =SUMIF(EngagementData!$D$2:$D$121,"Text Post",EngagementData!$L$2:$L$121) -> 3696 | F9: =ROUND(AVERAGEIF(EngagementData!$D$2:$D$121,"Text Post",EngagementData!$S$2:$S$121),2) -> 5.97
A10: Video | B10: =COUNTIF(EngagementData!$D$2:$D$121,"Video") -> 18 | C10: =ROUND(AVERAGEIF(EngagementData!$D$2:$D$121,"Video",EngagementData!$P$2:$P$121),2) -> 13.12 | D10: =SUMIF(EngagementData!$D$2:$D$121,"Video",EngagementData!$J$2:$J$121) -> 73707 | E10: =SUMIF(EngagementData!$D$2:$D$121,"Video",EngagementData!$L$2:$L$121) -> 4412 | F10: =ROUND(AVERAGEIF(EngagementData!$D$2:$D$121,"Video",EngagementData!$S$2:$S$121),2) -> 6.99

Sheet PostingTime_Analysis
A1: Best Posting Time Analysis
A2: Average reach and engagement rate by posting time slot
A4: Posting Time | B4: Post Count | C4: Avg Reach | D4: Avg Engagement Rate % | E4: Avg Impressions
A5: 10:00 AM | B5: =COUNTIF(EngagementData!$T$2:$T$121,"10:00 AM") -> 14 | C5: =ROUND(AVERAGEIF(EngagementData!$T$2:$T$121,"10:00 AM",EngagementData!$I$2:$I$121),0) -> 39645 | D5: =ROUND(AVERAGEIF(EngagementData!$T$2:$T$121,"10:00 AM",EngagementData!$P$2:$P$121),2) -> 12.14 | E5: =ROUND(AVERAGEIF(EngagementData!$T$2:$T$121,"10:00 AM",EngagementData!$H$2:$H$121),0) -> 55490
A6: 12:00 PM | B6: =COUNTIF(EngagementData!$T$2:$T$121,"12:00 PM") -> 20 | C6: =ROUND(AVERAGEIF(EngagementData!$T$2:$T$121,"12:00 PM",EngagementData!$I$2:$I$121),0) -> 31922 | D6: =ROUND(AVERAGEIF(EngagementData!$T$2:$T$121,"12:00 PM",EngagementData!$P$2:$P$121),2) -> 12.82 | E6: =ROUND(AVERAGEIF(EngagementData!$T$2:$T$121,"12:00 PM",EngagementData!$H$2:$H$121),0) -> 44744
A7: 1:00 PM | B7: =COUNTIF(EngagementData!$T$2:$T$121,"1:00 PM") -> 14 | C7: =ROUND(AVERAGEIF(EngagementData!$T$2:$T$121,"1:00 PM",EngagementData!$I$2:$I$121),0) -> 32984 | D7: =ROUND(AVERAGEIF(EngagementData!$T$2:$T$121,"1:00 PM",EngagementData!$P$2:$P$121),2) -> 9.64 | E7: =ROUND(AVERAGEIF(EngagementData!$T$2:$T$121,"1:00 PM",EngagementData!$H$2:$H$121),0) -> 48066
A8: 5:00 PM | B8: =COUNTIF(EngagementData!$T$2:$T$121,"5:00 PM") -> 21 | C8: =ROUND(AVERAGEIF(EngagementData!$T$2:$T$121,"5:00 PM",EngagementData!$I$2:$I$121),0) -> 39732 | D8: =ROUND(AVERAGEIF(EngagementData!$T$2:$T$121,"5:00 PM",EngagementData!$P$2:$P$121),2) -> 9.15 | E8: =ROUND(AVERAGEIF(EngagementData!$T$2:$T$121,"5:00 PM",EngagementData!$H$2:$H$121),0) -> 56587
A9: 6:00 PM | B9: =COUNTIF(EngagementData!$T$2:$T$121,"6:00 PM") -> 12 | C9: =ROUND(AVERAGEIF(EngagementData!$T$2:$T$121,"6:00 PM",EngagementData!$I$2:$I$121),0) -> 43393 | D9: =ROUND(AVERAGEIF(EngagementData!$T$2:$T$121,"6:00 PM",EngagementData!$P$2:$P$121),2) -> 9.66 | E9: =ROUND(AVERAGEIF(EngagementData!$T$2:$T$121,"6:00 PM",EngagementData!$H$2:$H$121),0) -> 59622
A10: 7:00 PM | B10: =COUNTIF(EngagementData!$T$2:$T$121,"7:00 PM") -> 15 | C10: =ROUND(AVERAGEIF(EngagementData!$T$2:$T$121,"7:00 PM",EngagementData!$I$2:$I$121),0) -> 36510 | D10: =ROUND(AVERAGEIF(EngagementData!$T$2:$T$121,"7:00 PM",EngagementData!$P$2:$P$121),2) -> 14.35 | E10: =ROUND(AVERAGEIF(EngagementData!$T$2:$T$121,"7:00 PM",EngagementData!$H$2:$H$121),0) -> 51522
A11: 8:00 AM | B11: =COUNTIF(EngagementData!$T$2:$T$121,"8:00 AM") -> 9 | C11: =ROUND(AVERAGEIF(EngagementData!$T$2:$T$121,"8:00 AM",EngagementData!$I$2:$I$121),0) -> 40162 | D11: =ROUND(AVERAGEIF(EngagementData!$T$2:$T$121,"8:00 AM",EngagementData!$P$2:$P$121),2) -> 15.67 | E11: =ROUND(AVERAGEIF(EngagementData!$T$2:$T$121,"8:00 AM",EngagementData!$H$2:$H$121),0) -> 60749
A12: 9:00 AM | B12: =COUNTIF(EngagementData!$T$2:$T$121,"9:00 AM") -> 15 | C12: =ROUND(AVERAGEIF(EngagementData!$T$2:$T$121,"9:00 AM",EngagementData!$I$2:$I$121),0) -> 29788 | D12: =ROUND(AVERAGEIF(EngagementData!$T$2:$T$121,"9:00 AM",EngagementData!$P$2:$P$121),2) -> 8.75 | E12: =ROUND(AVERAGEIF(EngagementData!$T$2:$T$121,"9:00 AM",EngagementData!$H$2:$H$121),0) -> 42960

Sheet Hashtag_Performance
A1: Hashtag Performance Table
A2: Engagement performance grouped by hashtag set used
A4: Hashtags Used | B4: Post Count | C4: Avg Engagement Rate % | D4: Avg Reach | E4: Avg Sentiment Score
A5: #AIMarketing #DataDriven #Analytics | B5: =COUNTIF(EngagementData!$G$2:$G$121,"#AIMarketing #DataDriven #Analytics") -> 19 | C5: =ROUND(AVERAGEIF(EngagementData!$G$2:$G$121,"#AIMarketing #DataDriven #Analytics",EngagementData!$P$2:$P$121),2) -> 10.28 | D5: =ROUND(AVERAGEIF(EngagementData!$G$2:$G$121,"#AIMarketing #DataDriven #Analytics",EngagementData!$I$2:$I$121),0) -> 37767 | E5: =ROUND(AVERAGEIF(EngagementData!$G$2:$G$121,"#AIMarketing #DataDriven #Analytics",EngagementData!$R$2:$R$121),2) -> 0.52
A6: #ContentCreator #InstagramMarketing #LinkedInTips | B6: =COUNTIF(EngagementData!$G$2:$G$121,"#ContentCreator #InstagramMarketing #LinkedInTips") -> 13 | C6: =ROUND(AVERAGEIF(EngagementData!$G$2:$G$121,"#ContentCreator #InstagramMarketing #LinkedInTips",EngagementData!$P$2:$P$121),2) -> 13.1 | D6: =ROUND(AVERAGEIF(EngagementData!$G$2:$G$121,"#ContentCreator #InstagramMarketing #LinkedInTips",EngagementData!$I$2:$I$121),0) -> 37060 | E6: =ROUND(AVERAGEIF(EngagementData!$G$2:$G$121,"#ContentCreator #InstagramMarketing #LinkedInTips",EngagementData!$R$2:$R$121),2) -> 0.56
A7: #DigitalMarketing #SocialMedia #ContentStrategy | B7: =COUNTIF(EngagementData!$G$2:$G$121,"#DigitalMarketing #SocialMedia #ContentStrategy") -> 18 | C7: =ROUND(AVERAGEIF(EngagementData!$G$2:$G$121,"#DigitalMarketing #SocialMedia #ContentStrategy",EngagementData!$P$2:$P$121),2) -> 9.5 | D7: =ROUND(AVERAGEIF(EngagementData!$G$2:$G$121,"#DigitalMarketing #SocialMedia #ContentStrategy",EngagementData!$I$2:$I$121),0) -> 36081 | E7: =ROUND(AVERAGEIF(EngagementData!$G$2:$G$121,"#DigitalMarketing #SocialMedia #ContentStrategy",EngagementData!$R$2:$R$121),2) -> 0.5
A8: #InfluencerMarketing #ROI #CampaignStrategy | B8: =COUNTIF(EngagementData!$G$2:$G$121,"#InfluencerMarketing #ROI #CampaignStrategy") -> 8 | C8: =ROUND(AVERAGEIF(EngagementData!$G$2:$G$121,"#InfluencerMarketing #ROI #CampaignStrategy",EngagementData!$P$2:$P$121),2) -> 9.84 | D8: =ROUND(AVERAGEIF(EngagementData!$G$2:$G$121,"#InfluencerMarketing #ROI #CampaignStrategy",EngagementData!$I$2:$I$121),0) -> 28510 | E8: =ROUND(AVERAGEIF(EngagementData!$G$2:$G$121,"#InfluencerMarketing #ROI #CampaignStrategy",EngagementData!$R$2:$R$121),2) -> 0.4
A9: #MarketingAnalytics #ContentMarketing #Viral | B9: =COUNTIF(EngagementData!$G$2:$G$121,"#MarketingAnalytics #ContentMarketing #Viral") -> 16 | C9: =ROUND(AVERAGEIF(EngagementData!$G$2:$G$121,"#MarketingAnalytics #ContentMarketing #Viral",EngagementData!$P$2:$P$121),2) -> 10.55 | D9: =ROUND(AVERAGEIF(EngagementData!$G$2:$G$121,"#MarketingAnalytics #ContentMarketing #Viral",EngagementData!$I$2:$I$121),0) -> 36899 | E9: =ROUND(AVERAGEIF(EngagementData!$G$2:$G$121,"#MarketingAnalytics #ContentMarketing #Viral",EngagementData!$R$2:$R$121),2) -> 0.46
A10: #MarketingTips #BrandGrowth #Engagement | B10: =COUNTIF(EngagementData!$G$2:$G$121,"#MarketingTips #BrandGrowth #Engagement") -> 10 | C10: =ROUND(AVERAGEIF(EngagementData!$G$2:$G$121,"#MarketingTips #BrandGrowth #Engagement",EngagementData!$P$2:$P$121),2) -> 12.36 | D10: =ROUND(AVERAGEIF(EngagementData!$G$2:$G$121,"#MarketingTips #BrandGrowth #Engagement",EngagementData!$I$2:$I$121),0) -> 36901 | E10: =ROUND(AVERAGEIF(EngagementData!$G$2:$G$121,"#MarketingTips #BrandGrowth #Engagement",EngagementData!$R$2:$R$121),2) -> 0.59
A11: #SocialMediaMarketing #GrowthHacking #Branding | B11: =COUNTIF(EngagementData!$G$2:$G$121,"#SocialMediaMarketing #GrowthHacking #Branding") -> 18 | C11: =ROUND(AVERAGEIF(EngagementData!$G$2:$G$121,"#SocialMediaMarketing #GrowthHacking #Branding",EngagementData!$P$2:$P$121),2) -> 13.07 | D11: =ROUND(AVERAGEIF(EngagementData!$G$2:$G$121,"#SocialMediaMarketing #GrowthHacking #Branding",EngagementData!$I$2:$I$121),0) -> 41467 | E11: =ROUND(AVERAGEIF(EngagementData!$G$2:$G$121,"#SocialMediaMarketing #GrowthHacking #Branding",EngagementData!$R$2:$R$121),2) -> 0.52
A12: #StartupMarketing #B2BMarketing #LeadGeneration | B12: =COUNTIF(EngagementData!$G$2:$G$121,"#StartupMarketing #B2BMarketing #LeadGeneration") -> 18 | C12: =ROUND(AVERAGEIF(EngagementData!$G$2:$G$121,"#StartupMarketing #B2BMarketing #LeadGeneration",EngagementData!$P$2:$P$121),2) -> 11.87 | D12: =ROUND(AVERAGEIF(EngagementData!$G$2:$G$121,"#StartupMarketing #B2BMarketing #LeadGeneration",EngagementData!$I$2:$I$121),0) -> 32421 | E12: =ROUND(AVERAGEIF(EngagementData!$G$2:$G$121,"#StartupMarketing #B2BMarketing #LeadGeneration",EngagementData!$R$2:$R$121),2) -> 0.57

Sheet TopPosts_Analysis
A1: Top Posts Analysis
A2: Top 10 highest-performing posts ranked by Engagement Rate %
A4: Rank | B4: Post ID | C4: Platform | D4: Content Theme | E4: Post Type | F4: Engagement Rate % | G4: Reach | H4: AI Content Score
A5: 1 | B5: =INDEX(EngagementData!$A$2:$A$121,MATCH(LARGE(EngagementData!$Y$2:$Y$121,1),EngagementData!$Y$2:$Y$121,0)) -> POST119 | C5: =INDEX(EngagementData!$B$2:$B$121,MATCH(LARGE(EngagementData!$Y$2:$Y$121,1),EngagementData!$Y$2:$Y$121,0)) -> Facebook | D5: =INDEX(EngagementData!$E$2:$E$121,MATCH(LARGE(EngagementData!$Y$2:$Y$121,1),EngagementData!$Y$2:$Y$121,0)) -> Event Highlight | E5: =INDEX(EngagementData!$D$2:$D$121,MATCH(LARGE(EngagementData!$Y$2:$Y$121,1),EngagementData!$Y$2:$Y$121,0)) -> Video | F5: =ROUND(LARGE(EngagementData!$P$2:$P$121,1),2) -> 24.6 | G5: =INDEX(EngagementData!$I$2:$I$121,MATCH(LARGE(EngagementData!$Y$2:$Y$121,1),EngagementData!$Y$2:$Y$121,0)) -> 55453 | H5: =INDEX(EngagementData!$S$2:$S$121,MATCH(LARGE(EngagementData!$Y$2:$Y$121,1),EngagementData!$Y$2:$Y$121,0)) -> 6.7
A6: 2 | B6: =INDEX(EngagementData!$A$2:$A$121,MATCH(LARGE(EngagementData!$Y$2:$Y$121,2),EngagementData!$Y$2:$Y$121,0)) -> POST039 | C6: =INDEX(EngagementData!$B$2:$B$121,MATCH(LARGE(EngagementData!$Y$2:$Y$121,2),EngagementData!$Y$2:$Y$121,0)) -> Facebook | D6: =INDEX(EngagementData!$E$2:$E$121,MATCH(LARGE(EngagementData!$Y$2:$Y$121,2),EngagementData!$Y$2:$Y$121,0)) -> User Generated Content | E6: =INDEX(EngagementData!$D$2:$D$121,MATCH(LARGE(EngagementData!$Y$2:$Y$121,2),EngagementData!$Y$2:$Y$121,0)) -> Carousel | F6: =ROUND(LARGE(EngagementData!$P$2:$P$121,2),2) -> 24.53 | G6: =INDEX(EngagementData!$I$2:$I$121,MATCH(LARGE(EngagementData!$Y$2:$Y$121,2),EngagementData!$Y$2:$Y$121,0)) -> 17239 | H6: =INDEX(EngagementData!$S$2:$S$121,MATCH(LARGE(EngagementData!$Y$2:$Y$121,2),EngagementData!$Y$2:$Y$121,0)) -> 7.2
A7: 3 | B7: =INDEX(EngagementData!$A$2:$A$121,MATCH(LARGE(EngagementData!$Y$2:$Y$121,3),EngagementData!$Y$2:$Y$121,0)) -> POST081 | C7: =INDEX(EngagementData!$B$2:$B$121,MATCH(LARGE(EngagementData!$Y$2:$Y$121,3),EngagementData!$Y$2:$Y$121,0)) -> Twitter/X | D7: =INDEX(EngagementData!$E$2:$E$121,MATCH(LARGE(EngagementData!$Y$2:$Y$121,3),EngagementData!$Y$2:$Y$121,0)) -> Product Showcase | E7: =INDEX(EngagementData!$D$2:$D$121,MATCH(LARGE(EngagementData!$Y$2:$Y$121,3),EngagementData!$Y$2:$Y$121,0)) -> Text Post | F7: =ROUND(LARGE(EngagementData!$P$2:$P$121,3),2) -> 24.17 | G7: =INDEX(EngagementData!$I$2:$I$121,MATCH(LARGE(EngagementData!$Y$2:$Y$121,3),EngagementData!$Y$2:$Y$121,0)) -> 67968 | H7: =INDEX(EngagementData!$S$2:$S$121,MATCH(LARGE(EngagementData!$Y$2:$Y$121,3),EngagementData!$Y$2:$Y$121,0)) -> 3.6
A8: 4 | B8: =INDEX(EngagementData!$A$2:$A$121,MATCH(LARGE(EngagementData!$Y$2:$Y$121,4),EngagementData!$Y$2:$Y$121,0)) -> POST034 | C8: =INDEX(EngagementData!$B$2:$B$121,MATCH(LARGE(EngagementData!$Y$2:$Y$121,4),EngagementData!$Y$2:$Y$121,0)) -> LinkedIn | D8: =INDEX(EngagementData!$E$2:$E$121,MATCH(LARGE(EngagementData!$Y$2:$Y$121,4),EngagementData!$Y$2:$Y$121,0)) -> Promotional | E8: =INDEX(EngagementData!$D$2:$D$121,MATCH(LARGE(EngagementData!$Y$2:$Y$121,4),EngagementData!$Y$2:$Y$121,0)) -> Carousel | F8: =ROUND(LARGE(EngagementData!$P$2:$P$121,4),2) -> 22.7 | G8: =INDEX(EngagementData!$I$2:$I$121,MATCH(LARGE(EngagementData!$Y$2:$Y$121,4),EngagementData!$Y$2:$Y$121,0)) -> 4031 | H8: =INDEX(EngagementData!$S$2:$S$121,MATCH(LARGE(EngagementData!$Y$2:$Y$121,4),EngagementData!$Y$2:$Y$121,0)) -> 8.7
A9: 5 | B9: =INDEX(EngagementData!$A$2:$A$121,MATCH(LARGE(EngagementData!$Y$2:$Y$121,5),EngagementData!$Y$2:$Y$121,0)) -> POST105 | C9: =INDEX(EngagementData!$B$2:$B$121,MATCH(LARGE(EngagementData!$Y$2:$Y$121,5),EngagementData!$Y$2:$Y$121,0)) -> Instagram | D9: =INDEX(EngagementData!$E$2:$E$121,MATCH(LARGE(EngagementData!$Y$2:$Y$121,5),EngagementData!$Y$2:$Y$121,0)) -> Event Highlight | E9: =INDEX(EngagementData!$D$2:$D$121,MATCH(LARGE(EngagementData!$Y$2:$Y$121,5),EngagementData!$Y$2:$Y$121,0)) -> Story | F9: =ROUND(LARGE(EngagementData!$P$2:$P$121,5),2) -> 22.34 | G9: =INDEX(EngagementData!$I$2:$I$121,MATCH(LARGE(EngagementData!$Y$2:$Y$121,5),EngagementData!$Y$2:$Y$121,0)) -> 30438 | H9: =INDEX(EngagementData!$S$2:$S$121,MATCH(LARGE(EngagementData!$Y$2:$Y$121,5),EngagementData!$Y$2:$Y$121,0)) -> 5.6
A10: 6 | B10: =INDEX(EngagementData!$A$2:$A$121,MATCH(LARGE(EngagementData!$Y$2:$Y$121,6),EngagementData!$Y$2:$Y$121,0)) -> POST087 | C10: =INDEX(EngagementData!$B$2:$B$121,MATCH(LARGE(EngagementData!$Y$2:$Y$121,6),EngagementData!$Y$2:$Y$121,0)) -> Instagram | D10: =INDEX(EngagementData!$E$2:$E$121,MATCH(LARGE(EngagementData!$Y$2:$Y$121,6),EngagementData!$Y$2:$Y$121,0)) -> Motivational | E10: =INDEX(EngagementData!$D$2:$D$121,MATCH(LARGE(EngagementData!$Y$2:$Y$121,6),EngagementData!$Y$2:$Y$121,0)) -> Reel | F10: =ROUND(LARGE(EngagementData!$P$2:$P$121,6),2) -> 22.32 | G10: =INDEX(EngagementData!$I$2:$I$121,MATCH(LARGE(EngagementData!$Y$2:$Y$121,6),EngagementData!$Y$2:$Y$121,0)) -> 15076 | H10: =INDEX(EngagementData!$S$2:$S$121,MATCH(LARGE(EngagementData!$Y$2:$Y$121,6),EngagementData!$Y$2:$Y$121,0)) -> 3.8
A11: 7 | B11: =INDEX(EngagementData!$A$2:$A$121,MATCH(LARGE(EngagementData!$Y$2:$Y$121,7),EngagementData!$Y$2:$Y$121,0)) -> POST042 | C11: =INDEX(EngagementData!$B$2:$B$121,MATCH(LARGE(EngagementData!$Y$2:$Y$121,7),EngagementData!$Y$2:$Y$121,0)) -> Instagram | D11: =INDEX(EngagementData!$E$2:$E$121,MATCH(LARGE(EngagementData!$Y$2:$Y$121,7),EngagementData!$Y$2:$Y$121,0)) -> Promotional | E11: =INDEX(EngagementData!$D$2:$D$121,MATCH(LARGE(EngagementData!$Y$2:$Y$121,7),EngagementData!$Y$2:$Y$121,0)) -> Image | F11: =ROUND(LARGE(EngagementData!$P$2:$P$121,7),2) -> 22.19 | G11: =INDEX(EngagementData!$I$2:$I$121,MATCH(LARGE(EngagementData!$Y$2:$Y$121,7),EngagementData!$Y$2:$Y$121,0)) -> 41021 | H11: =INDEX(EngagementData!$S$2:$S$121,MATCH(LARGE(EngagementData!$Y$2:$Y$121,7),EngagementData!$Y$2:$Y$121,0)) -> 7.2
A12: 8 | B12: =INDEX(EngagementData!$A$2:$A$121,MATCH(LARGE(EngagementData!$Y$2:$Y$121,8),EngagementData!$Y$2:$Y$121,0)) -> POST031 | C12: =INDEX(EngagementData!$B$2:$B$121,MATCH(LARGE(EngagementData!$Y$2:$Y$121,8),EngagementData!$Y$2:$Y$121,0)) -> Facebook | D12: =INDEX(EngagementData!$E$2:$E$121,MATCH(LARGE(EngagementData!$Y$2:$Y$121,8),EngagementData!$Y$2:$Y$121,0)) -> Event Highlight | E12: =INDEX(EngagementData!$D$2:$D$121,MATCH(LARGE(EngagementData!$Y$2:$Y$121,8),EngagementData!$Y$2:$Y$121,0)) -> Story | F12: =ROUND(LARGE(EngagementData!$P$2:$P$121,8),2) -> 22.05 | G12: =INDEX(EngagementData!$I$2:$I$121,MATCH(LARGE(EngagementData!$Y$2:$Y$121,8),EngagementData!$Y$2:$Y$121,0)) -> 34148 | H12: =INDEX(EngagementData!$S$2:$S$121,MATCH(LARGE(EngagementData!$Y$2:$Y$121,8),EngagementData!$Y$2:$Y$121,0)) -> 6.9
A13: 9 | B13: =INDEX(EngagementData!$A$2:$A$121,MATCH(LARGE(EngagementData!$Y$2:$Y$121,9),EngagementData!$Y$2:$Y$121,0)) -> POST028 | C13: =INDEX(EngagementData!$B$2:$B$121,MATCH(LARGE(EngagementData!$Y$2:$Y$121,9),EngagementData!$Y$2:$Y$121,0)) -> Facebook | D13: =INDEX(EngagementData!$E$2:$E$121,MATCH(LARGE(EngagementData!$Y$2:$Y$121,9),EngagementData!$Y$2:$Y$121,0)) -> Industry News | E13: =INDEX(EngagementData!$D$2:$D$121,MATCH(LARGE(EngagementData!$Y$2:$Y$121,9),EngagementData!$Y$2:$Y$121,0)) -> Story | F13: =ROUND(LARGE(EngagementData!$P$2:$P$121,9),2) -> 22.05 | G13: =INDEX(EngagementData!$I$2:$I$121,MATCH(LARGE(EngagementData!$Y$2:$Y$121,9),EngagementData!$Y$2:$Y$121,0)) -> 49105 | H13: =INDEX(EngagementData!$S$2:$S$121,MATCH(LARGE(EngagementData!$Y$2:$Y$121,9),EngagementData!$Y$2:$Y$121,0)) -> 6.8
A14: 10 | B14: =INDEX(EngagementData!$A$2:$A$121,MATCH(LARGE(EngagementData!$Y$2:$Y$121,10),EngagementData!$Y$2:$Y$121,0)) -> POST003 | C14: =INDEX(EngagementData!$B$2:$B$121,MATCH(LARGE(EngagementData!$Y$2:$Y$121,10),EngagementData!$Y$2:$Y$121,0)) -> Twitter/X | D14: =INDEX(EngagementData!$E$2:$E$121,MATCH(LARGE(EngagementData!$Y$2:$Y$121,10),EngagementData!$Y$2:$Y$121,0)) -> Promotional | E14: =INDEX(EngagementData!$D$2:$D$121,MATCH(LARGE(EngagementData!$Y$2:$Y$121,10),EngagementData!$Y$2:$Y$121,0)) -> Video | F14: =ROUND(LARGE(EngagementData!$P$2:$P$121,10),2) -> 21.89 | G14: =INDEX(EngagementData!$I$2:$I$121,MATCH(LARGE(EngagementData!$Y$2:$Y$121,10),EngagementData!$Y$2:$Y$121,0)) -> 8464 | H14: =INDEX(EngagementData!$S$2:$S$121,MATCH(LARGE(EngagementData!$Y$2:$Y$121,10),EngagementData!$Y$2:$Y$121,0)) -> 8.4
A17: Bottom 10 Lowest-Performing Posts (Engagement Rate %)
A18: Rank | B18: Post ID | C18: Platform | D18: Content Theme | E18: Post Type | F18: Engagement Rate % | G18: Reach | H18: AI Content Score
A19: 1 | B19: =INDEX(EngagementData!$A$2:$A$121,MATCH(SMALL(EngagementData!$Y$2:$Y$121,1),EngagementData!$Y$2:$Y$121,0)) -> POST027 | C19: =INDEX(EngagementData!$B$2:$B$121,MATCH(SMALL(EngagementData!$Y$2:$Y$121,1),EngagementData!$Y$2:$Y$121,0)) -> Twitter/X | D19: =INDEX(EngagementData!$E$2:$E$121,MATCH(SMALL(EngagementData!$Y$2:$Y$121,1),EngagementData!$Y$2:$Y$121,0)) -> Industry News | E19: =INDEX(EngagementData!$D$2:$D$121,MATCH(SMALL(EngagementData!$Y$2:$Y$121,1),EngagementData!$Y$2:$Y$121,0)) -> Story | F19: =ROUND(SMALL(EngagementData!$P$2:$P$121,1),2) -> 0.65 | G19: =INDEX(EngagementData!$I$2:$I$121,MATCH(SMALL(EngagementData!$Y$2:$Y$121,1),EngagementData!$Y$2:$Y$121,0)) -> 15565 | H19: =INDEX(EngagementData!$S$2:$S$121,MATCH(SMALL(EngagementData!$Y$2:$Y$121,1),EngagementData!$Y$2:$Y$121,0)) -> 7
A20: 2 | B20: =INDEX(EngagementData!$A$2:$A$121,MATCH(SMALL(EngagementData!$Y$2:$Y$121,2),EngagementData!$Y$2:$Y$121,0)) -> POST007 | C20: =INDEX(EngagementData!$B$2:$B$121,MATCH(SMALL(EngagementData!$Y$2:$Y$121,2),EngagementData!$Y$2:$Y$121,0)) -> Twitter/X | D20: =INDEX(EngagementData!$E$2:$E$121,MATCH(SMALL(EngagementData!$Y$2:$Y$121,2),EngagementData!$Y$2:$Y$121,0)) -> Event Highlight | E20: =INDEX(EngagementData!$D$2:$D$121,MATCH(SMALL(EngagementData!$Y$2:$Y$121,2),EngagementData!$Y$2:$Y$121,0)) -> Story | F20: =ROUND(SMALL(EngagementData!$P$2:$P$121,2),2) -> 0.7 | G20: =INDEX(EngagementData!$I$2:$I$121,MATCH(SMALL(EngagementData!$Y$2:$Y$121,2),EngagementData!$Y$2:$Y$121,0)) -> 28986 | H20: =INDEX(EngagementData!$S$2:$S$121,MATCH(SMALL(EngagementData!$Y$2:$Y$121,2),EngagementData!$Y$2:$Y$121,0)) -> 6.2
A21: 3 | B21: =INDEX(EngagementData!$A$2:$A$121,MATCH(SMALL(EngagementData!$Y$2:$Y$121,3),EngagementData!$Y$2:$Y$121,0)) -> POST033 | C21: =INDEX(EngagementData!$B$2:$B$121,MATCH(SMALL(EngagementData!$Y$2:$Y$121,3),EngagementData!$Y$2:$Y$121,0)) -> Instagram | D21: =INDEX(EngagementData!$E$2:$E$121,MATCH(SMALL(EngagementData!$Y$2:$Y$121,3),EngagementData!$Y$2:$Y$121,0)) -> Educational | E21: =INDEX(EngagementData!$D$2:$D$121,MATCH(SMALL(EngagementData!$Y$2:$Y$121,3),EngagementData!$Y$2:$Y$121,0)) -> Text Post | F21: =ROUND(SMALL(EngagementData!$P$2:$P$121,3),2) -> 0.84 | G21: =INDEX(EngagementData!$I$2:$I$121,MATCH(SMALL(EngagementData!$Y$2:$Y$121,3),EngagementData!$Y$2:$Y$121,0)) -> 20679 | H21: =INDEX(EngagementData!$S$2:$S$121,MATCH(SMALL(EngagementData!$Y$2:$Y$121,3),EngagementData!$Y$2:$Y$121,0)) -> 4.9
A22: 4 | B22: =INDEX(EngagementData!$A$2:$A$121,MATCH(SMALL(EngagementData!$Y$2:$Y$121,4),EngagementData!$Y$2:$Y$121,0)) -> POST063 | C22: =INDEX(EngagementData!$B$2:$B$121,MATCH(SMALL(EngagementData!$Y$2:$Y$121,4),EngagementData!$Y$2:$Y$121,0)) -> LinkedIn | D22: =INDEX(EngagementData!$E$2:$E$121,MATCH(SMALL(EngagementData!$Y$2:$Y$121,4),EngagementData!$Y$2:$Y$121,0)) -> Event Highlight | E22: =INDEX(EngagementData!$D$2:$D$121,MATCH(SMALL(EngagementData!$Y$2:$Y$121,4),EngagementData!$Y$2:$Y$121,0)) -> Reel | F22: =ROUND(SMALL(EngagementData!$P$2:$P$121,4),2) -> 0.93 | G22: =INDEX(EngagementData!$I$2:$I$121,MATCH(SMALL(EngagementData!$Y$2:$Y$121,4),EngagementData!$Y$2:$Y$121,0)) -> 54226 | H22: =INDEX(EngagementData!$S$2:$S$121,MATCH(SMALL(EngagementData!$Y$2:$Y$121,4),EngagementData!$Y$2:$Y$121,0)) -> 8.7
A23: 5 | B23: =INDEX(EngagementData!$A$2:$A$121,MATCH(SMALL(EngagementData!$Y$2:$Y$121,5),EngagementData!$Y$2:$Y$121,0)) -> POST094 | C23: =INDEX(EngagementData!$B$2:$B$121,MATCH(SMALL(EngagementData!$Y$2:$Y$121,5),EngagementData!$Y$2:$Y$121,0)) -> LinkedIn | D23: =INDEX(EngagementData!$E$2:$E$121,MATCH(SMALL(EngagementData!$Y$2:$Y$121,5),EngagementData!$Y$2:$Y$121,0)) -> Behind the Scenes | E23: =INDEX(EngagementData!$D$2:$D$121,MATCH(SMALL(EngagementData!$Y$2:$Y$121,5),EngagementData!$Y$2:$Y$121,0)) -> Reel | F23: =ROUND(SMALL(EngagementData!$P$2:$P$121,5),2) -> 0.99 | G23: =INDEX(EngagementData!$I$2:$I$121,MATCH(SMALL(EngagementData!$Y$2:$Y$121,5),EngagementData!$Y$2:$Y$121,0)) -> 70891 | H23: =INDEX(EngagementData!$S$2:$S$121,MATCH(SMALL(EngagementData!$Y$2:$Y$121,5),EngagementData!$Y$2:$Y$121,0)) -> 3.7
A24: 6 | B24: =INDEX(EngagementData!$A$2:$A$121,MATCH(SMALL(EngagementData!$Y$2:$Y$121,6),EngagementData!$Y$2:$Y$121,0)) -> POST054 | C24: =INDEX(EngagementData!$B$2:$B$121,MATCH(SMALL(EngagementData!$Y$2:$Y$121,6),EngagementData!$Y$2:$Y$121,0)) -> Instagram | D24: =INDEX(EngagementData!$E$2:$E$121,MATCH(SMALL(EngagementData!$Y$2:$Y$121,6),EngagementData!$Y$2:$Y$121,0)) -> Promotional | E24: =INDEX(EngagementData!$D$2:$D$121,MATCH(SMALL(EngagementData!$Y$2:$Y$121,6),EngagementData!$Y$2:$Y$121,0)) -> Text Post | F24: =ROUND(SMALL(EngagementData!$P$2:$P$121,6),2) -> 1.22 | G24: =INDEX(EngagementData!$I$2:$I$121,MATCH(SMALL(EngagementData!$Y$2:$Y$121,6),EngagementData!$Y$2:$Y$121,0)) -> 17669 | H24: =INDEX(EngagementData!$S$2:$S$121,MATCH(SMALL(EngagementData!$Y$2:$Y$121,6),EngagementData!$Y$2:$Y$121,0)) -> 4.4
A25: 7 | B25: =INDEX(EngagementData!$A$2:$A$121,MATCH(SMALL(EngagementData!$Y$2:$Y$121,7),EngagementData!$Y$2:$Y$121,0)) -> POST061 | C25: =INDEX(EngagementData!$B$2:$B$121,MATCH(SMALL(EngagementData!$Y$2:$Y$121,7),EngagementData!$Y$2:$Y$121,0)) -> Facebook | D25: =INDEX(EngagementData!$E$2:$E$121,MATCH(SMALL(EngagementData!$Y$2:$Y$121,7),EngagementData!$Y$2:$Y$121,0)) -> Industry News | E25: =INDEX(EngagementData!$D$2:$D$121,MATCH(SMALL(EngagementData!$Y$2:$Y$121,7),EngagementData!$Y$2:$Y$121,0)) -> Text Post | F25: =ROUND(SMALL(EngagementData!$P$2:$P$121,7),2) -> 1.46 | G25: =INDEX(EngagementData!$I$2:$I$121,MATCH(SMALL(EngagementData!$Y$2:$Y$121,7),EngagementData!$Y$2:$Y$121,0)) -> 11170 | H25: =INDEX(EngagementData!$S$2:$S$121,MATCH(SMALL(EngagementData!$Y$2:$Y$121,7),EngagementData!$Y$2:$Y$121,0)) -> 6.4
A26: 8 | B26: =INDEX(EngagementData!$A$2:$A$121,MATCH(SMALL(EngagementData!$Y$2:$Y$121,8),EngagementData!$Y$2:$Y$121,0)) -> POST120 | C26: =INDEX(EngagementData!$B$2:$B$121,MATCH(SMALL(EngagementData!$Y$2:$Y$121,8),EngagementData!$Y$2:$Y$121,0)) -> Instagram | D26: =INDEX(EngagementData!$E$2:$E$121,MATCH(SMALL(EngagementData!$Y$2:$Y$121,8),EngagementData!$Y$2:$Y$121,0)) -> Motivational | E26: =INDEX(EngagementData!$D$2:$D$121,MATCH(SMALL(EngagementData!$Y$2:$Y$121,8),EngagementData!$Y$2:$Y$121,0)) -> Story | F26: =ROUND(SMALL(EngagementData!$P$2:$P$121,8),2) -> 1.55 | G26: =INDEX(EngagementData!$I$2:$I$121,MATCH(SMALL(EngagementData!$Y$2:$Y$121,8),EngagementData!$Y$2:$Y$121,0)) -> 21748 | H26: =INDEX(EngagementData!$S$2:$S$121,MATCH(SMALL(EngagementData!$Y$2:$Y$121,8),EngagementData!$Y$2:$Y$121,0)) -> 3.9
A27: 9 | B27: =INDEX(EngagementData!$A$2:$A$121,MATCH(SMALL(EngagementData!$Y$2:$Y$121,9),EngagementData!$Y$2:$Y$121,0)) -> POST057 | C27: =INDEX(EngagementData!$B$2:$B$121,MATCH(SMALL(EngagementData!$Y$2:$Y$121,9),EngagementData!$Y$2:$Y$121,0)) -> Twitter/X | D27: =INDEX(EngagementData!$E$2:$E$121,MATCH(SMALL(EngagementData!$Y$2:$Y$121,9),EngagementData!$Y$2:$Y$121,0)) -> Educational | E27: =INDEX(EngagementData!$D$2:$D$121,MATCH(SMALL(EngagementData!$Y$2:$Y$121,9),EngagementData!$Y$2:$Y$121,0)) -> Carousel | F27: =ROUND(SMALL(EngagementData!$P$2:$P$121,9),2) -> 1.73 | G27: =INDEX(EngagementData!$I$2:$I$121,MATCH(SMALL(EngagementData!$Y$2:$Y$121,9),EngagementData!$Y$2:$Y$121,0)) -> 71602 | H27: =INDEX(EngagementData!$S$2:$S$121,MATCH(SMALL(EngagementData!$Y$2:$Y$121,9),EngagementData!$Y$2:$Y$121,0)) -> 4.9
A28: 10 | B28: =INDEX(EngagementData!$A$2:$A$121,MATCH(SMALL(EngagementData!$Y$2:$Y$121,10),EngagementData!$Y$2:$Y$121,0)) -> POST100 | C28: =INDEX(EngagementData!$B$2:$B$121,MATCH(SMALL(EngagementData!$Y$2:$Y$121,10),EngagementData!$Y$2:$Y$121,0)) -> LinkedIn | D28: =INDEX(EngagementData!$E$2:$E$121,MATCH(SMALL(EngagementData!$Y$2:$Y$121,10),EngagementData!$Y$2:$Y$121,0)) -> Product Showcase | E28: =INDEX(EngagementData!$D$2:$D$121,MATCH(SMALL(EngagementData!$Y$2:$Y$121,10),EngagementData!$Y$2:$Y$121,0)) -> Image | F28: =ROUND(SMALL(EngagementData!$P$2:$P$121,10),2) -> 1.82 | G28: =INDEX(EngagementData!$I$2:$I$121,MATCH(SMALL(EngagementData!$Y$2:$Y$121,10),EngagementData!$Y$2:$Y$121,0)) -> 5502 | H28: =INDEX(EngagementData!$S$2:$S$121,MATCH(SMALL(EngagementData!$Y$2:$Y$121,10),EngagementData!$Y$2:$Y$121,0)) -> 6.1
